"track_url","page_name","track_title","plays","likes","comments","upload_datetime","cover_url"
"https://soundcloud.com/mahdyar/kamin","Mahdyar","Shapur, Fadaei - Kamin","378875","13000","3820","2024-03-11T18:50:41.000Z","https://i1.sndcdn.com/artworks-EWJPyWwzyXLkwiSc-eptYQg-t500x500.jpg"
"https://soundcloud.com/mahdyar/balast","Mahdyar","Fadaei - Balast","1284830","26600","7271","2024-01-21T16:54:44.000Z","https://i1.sndcdn.com/artworks-GEny9vI1EjTTHshh-iWqqXA-t500x500.jpg"
"https://soundcloud.com/mahdyar/daravish","Mahdyar","Shapur - Daravish","483561","11800","2399","2024-01-21T16:54:34.000Z","https://i1.sndcdn.com/artworks-fFtzVhQ5vA7OmBvh-UQ9bfQ-t500x500.jpg"
"https://soundcloud.com/mahdyar/bolandtar","Mahdyar","Fadaei - Bolandtar","605168","17100","2746","2024-01-21T16:54:26.000Z","https://i1.sndcdn.com/artworks-yTv06Iy0e5Lwzk1V-177oNA-t500x500.jpg"
"https://soundcloud.com/mahdyar/batel","Mahdyar","Shapur - Batel","980278","21000","8615","2024-01-18T18:52:30.000Z","https://i1.sndcdn.com/artworks-zOEzdzLSnwJypsXE-A1yNAw-t500x500.jpg"
"https://soundcloud.com/mahdyar/fact","Mahdyar","Shapur - Fact","794043","19200","9963","2024-01-05T13:35:01.000Z","https://i1.sndcdn.com/artworks-TLwxoLBx0uS4jaOd-3DAvBw-t500x500.jpg"
"https://soundcloud.com/mahdyar/sagpedar","Mahdyar","Shapur - Sagpedar","901797","20400","8448","2024-01-03T00:11:32.000Z","https://i1.sndcdn.com/artworks-syrqDvKByl768LMj-ef7kJQ-t500x500.jpg"
"https://soundcloud.com/mahdyar/dalghak","Mahdyar","Shapur - Dalghak","1170426","25200","8514","2023-12-30T23:53:05.000Z","https://i1.sndcdn.com/artworks-pUcMAOGTse028srb-iNLRoQ-t500x500.jpg"
"https://soundcloud.com/mahdyar/tehran","Mahdyar","Fadaei - Tehran","1409313","29700","4566","2023-12-29T17:14:34.000Z","https://i1.sndcdn.com/artworks-annC0WlsgRivwnu9-f35PlQ-t500x500.jpg"
"https://soundcloud.com/mahdyar/alaki","Mahdyar","Shapur - Alaki","1095224","20800","4665","2023-12-29T17:14:25.000Z","https://i1.sndcdn.com/artworks-x6y73WMqeyUDpRT2-cvuIqQ-t500x500.jpg"
"https://soundcloud.com/mahdyar/faramooshi","Mahdyar","Shapur, Fadaei - Faramooshi","702486","16800","2231","2023-12-29T17:14:17.000Z","https://i1.sndcdn.com/artworks-HTWoK2Somz1OzRrH-zt1gsA-t500x500.jpg"
"https://soundcloud.com/mahdyar/mia","Mahdyar","Shapur - Miam Pishet","431797","10100","1816","2023-06-19T18:31:42.000Z","https://i1.sndcdn.com/artworks-toWcbMYQxn5hsyvb-BRjwNw-t500x500.jpg"
"https://soundcloud.com/mahdyar/ach","Mahdyar","Fadaei, Shapur - Achmaz","625136","15500","2207","2023-05-27T18:29:47.000Z","https://i1.sndcdn.com/artworks-tna4wGYxwsdrbjFh-WPPYTA-t500x500.jpg"
"https://soundcloud.com/mahdyar/yad","Mahdyar","Fadaei - Yadegari","1342394","28500","9256","2023-05-27T18:26:07.000Z","https://i1.sndcdn.com/artworks-uIxkKttLR12KbCqv-izzVlw-t500x500.jpg"
"https://soundcloud.com/mahdyar/kerkere","Mahdyar","Shapur - Kerkere","793894","21800","7345","2023-03-21T11:33:13.000Z","https://i1.sndcdn.com/artworks-Bcv4HTgdDGxm7SyW-tJzxlg-t500x500.jpg"
"https://soundcloud.com/mahdyar/meshki","Mahdyar","Fadaei - Meshki","959421","26700","14200","2023-03-09T17:08:43.000Z","https://i1.sndcdn.com/artworks-ut8tH1W6LoEGNH92-mVEX3A-t500x500.jpg"
"https://soundcloud.com/mahdyar/tas","Mahdyar","Fadaei - Taskhir","1411500","38800","16000","2022-12-16T15:50:33.000Z","https://i1.sndcdn.com/artworks-WUouANOJ0d0IkOtb-wefxzw-t500x500.jpg"
"https://soundcloud.com/mahdyar/mbkn","Mahdyar","Shapur - Marg Bar Kolle Nezam","2831188","60800","16700","2022-10-28T20:57:00.000Z","https://i1.sndcdn.com/artworks-GzwSayCncT0yv3HF-yKbMmA-t500x500.jpg"
"https://soundcloud.com/mahdyar/mcm","Mahdyar","Fadaei - Mage Chi Mishe [prod. Mahdyar]","1209033","20700","4262","2022-09-27T19:30:53.000Z","https://i1.sndcdn.com/artworks-CmgdPdkvmevQPRgf-jXqxZw-t500x500.jpg"
"https://soundcloud.com/mahdyar/mohajer","Mahdyar","Fadaei - Mohajer [prod. Mahdyar]","1146358","20800","4258","2022-09-27T19:30:53.000Z","https://i1.sndcdn.com/artworks-CmgdPdkvmevQPRgf-jXqxZw-t500x500.jpg"
"https://soundcloud.com/mahdyar/narefigh","Mahdyar","Fadaei - Narefigh (ft. Shapur) [prod. Mahdyar]","1838417","31800","6935","2022-09-27T19:30:53.000Z","https://i1.sndcdn.com/artworks-CmgdPdkvmevQPRgf-jXqxZw-t500x500.jpg"
"https://soundcloud.com/mahdyar/zard","Mahdyar","Fadaei - Zard [prod. Mahdyar]","845970","15700","2825","2022-09-27T19:30:53.000Z","https://i1.sndcdn.com/artworks-CmgdPdkvmevQPRgf-jXqxZw-t500x500.jpg"
"https://soundcloud.com/mahdyar/asg","Mahdyar","Fadaei - Az Samime Ghalb [prod. Mahdyar]","1015295","19100","4679","2022-09-27T19:30:53.000Z","https://i1.sndcdn.com/artworks-CmgdPdkvmevQPRgf-jXqxZw-t500x500.jpg"
"https://soundcloud.com/mahdyar/rahbar","Mahdyar","Fadaei - Rahbar [prod. Hekmat, Mahdyar]","753793","15300","2713","2022-09-27T19:30:53.000Z","https://i1.sndcdn.com/artworks-CmgdPdkvmevQPRgf-jXqxZw-t500x500.jpg"
"https://soundcloud.com/mahdyar/khoon","Mahdyar","Fadaei - Khoon [prod. Hekmat, Mahdyar]","803097","17000","3234","2022-09-27T19:30:53.000Z","https://i1.sndcdn.com/artworks-CmgdPdkvmevQPRgf-jXqxZw-t500x500.jpg"
"https://soundcloud.com/mahdyar/moghaddame","Mahdyar","Fadaei - Moghaddame [prod. Mahdyar]","1293872","23700","5044","2022-09-27T19:30:52.000Z","https://i1.sndcdn.com/artworks-CmgdPdkvmevQPRgf-jXqxZw-t500x500.jpg"
"https://soundcloud.com/mahdyar/tavaf","Mahdyar","Fadaei - Tavaf (ft. Mostafa Miri) [prod. Mahdyar]","2051921","35500","12900","2022-09-27T19:30:52.000Z","https://i1.sndcdn.com/artworks-CmgdPdkvmevQPRgf-jXqxZw-t500x500.jpg"
"https://soundcloud.com/mahdyar/alef","Mahdyar","Fadaei - Alef [prod. Mahdyar]","1833357","31800","7785","2022-09-27T19:30:52.000Z","https://i1.sndcdn.com/artworks-CmgdPdkvmevQPRgf-jXqxZw-t500x500.jpg"
"https://soundcloud.com/mahdyar/maslahati","Mahdyar","Fadaei - Maslahati (ft. Heydar) [prod. Mahdyar]","1071881","18400","4508","2022-09-27T19:30:52.000Z","https://i1.sndcdn.com/artworks-CmgdPdkvmevQPRgf-jXqxZw-t500x500.jpg"
"https://soundcloud.com/mahdyar/td6","Mahdyar","Fadaei - Timarestane Dahe 60 [prod. Hekmat, Mahdyar]","1263472","24700","4305","2022-09-27T19:30:52.000Z","https://i1.sndcdn.com/artworks-CmgdPdkvmevQPRgf-jXqxZw-t500x500.jpg"
"https://soundcloud.com/mahdyar/mor","Mahdyar","Fadaei - Mehr o Raha [prod. Mahdyar]","979587","18600","3654","2022-09-27T19:30:52.000Z","https://i1.sndcdn.com/artworks-CmgdPdkvmevQPRgf-jXqxZw-t500x500.jpg"
"https://soundcloud.com/mahdyar/aktl","Mahdyar","Fadaei - Az Karaj Ta Langerud","2083416","45500","15700","2021-08-26T08:56:54.000Z","https://i1.sndcdn.com/artworks-XsR6nv6P0AojelTG-4fF9VQ-t500x500.jpg"
"https://soundcloud.com/mahdyar/ghk","Mahdyar","Shapur - Ghasem Kojayi?","2404066","47600","12700","2021-08-17T15:16:31.000Z","https://i1.sndcdn.com/artworks-klbMnylttqugdHFq-p11WnA-t500x500.jpg"
"https://soundcloud.com/mahdyar/sar","Mahdyar","Fadaei - Sarnegooni","2266895","46600","14900","2021-07-27T21:01:46.000Z","https://i1.sndcdn.com/artworks-LSDSFkovHgqtUU1U-BcCjlw-t500x500.jpg"
"https://soundcloud.com/mahdyar/fat","Mahdyar","Fadaei - Fatehe","3509798","63400","39700","2021-07-27T20:43:39.000Z","https://i1.sndcdn.com/artworks-AWHWwVTrnqwVhjK6-7voUng-t500x500.jpg"
"https://soundcloud.com/mahdyar/bilit","Mahdyar","Fadaei - Bilit","3454298","63900","37400","2021-06-20T15:35:09.000Z","https://i1.sndcdn.com/artworks-z4eI2oHGu87C6XBA-jlhQzw-t500x500.jpg"
"https://soundcloud.com/mahdyar/koli","Mahdyar","Fadaei - Koli","2020170","39200","12500","2021-02-10T17:33:03.000Z","https://i1.sndcdn.com/artworks-I8HTXHRqFM4EJFFm-BJvUGw-t500x500.jpg"
"https://soundcloud.com/mahdyar/ett","Mahdyar","Shapur - Ettelaat","844773","19200","3420","2020-11-16T18:15:47.000Z","https://i1.sndcdn.com/artworks-FvFTHyizjgjV1cMe-Q9wpJw-t500x500.jpg"
"https://soundcloud.com/mahdyar/chm","Mahdyar","Soall - Chand Mifrooshi?","209553","4573","1057","2020-10-12T16:58:55.000Z","https://i1.sndcdn.com/artworks-fIFETd01soJ6HS7k-q9zN1A-t500x500.jpg"
"https://soundcloud.com/mahdyar/agh","Mahdyar","Fadaei - Abi Ghermez","1368468","31200","8914","2020-09-21T17:33:13.000Z","https://i1.sndcdn.com/artworks-08ijTxCb5nxvkTpM-t2hmcA-t500x500.jpg"
"https://soundcloud.com/mahdyar/dts","Mahdyar","Fadaei - Dige Tablo Shode","1934494","39500","12500","2020-06-12T17:24:17.000Z","https://i1.sndcdn.com/artworks-qyhAXagNsFjMy9LA-6CR7Qg-t500x500.jpg"
"https://soundcloud.com/mahdyar/tar","Mahdyar","Quf - Taraneh Alidoosti","756174","17900","7195","2020-05-25T13:48:02.000Z","https://i1.sndcdn.com/artworks-lIQPIKzcFs2fAsKg-gVmU9A-t500x500.jpg"
"https://soundcloud.com/mahdyar/1tm","Mahdyar","Fadaei - 1000ta Maznoon","755006","16300","2538","2020-01-23T18:32:18.000Z","https://i1.sndcdn.com/artworks-000673011793-35d1i1-t500x500.jpg"
"https://soundcloud.com/mahdyar/thd","Mahdyar","Soall - Ta Hala Didi?","245935","5715","1022","2020-01-19T19:16:20.000Z","https://i1.sndcdn.com/artworks-000670292761-4sjjiu-t500x500.jpg"
"https://soundcloud.com/mahdyar/dmk","Mahdyar","Hichkas - Dastasho Mosht Karde","820360","22800","3987","2019-12-10T18:53:51.000Z","https://i1.sndcdn.com/artworks-000650235835-jn7jt8-t500x500.jpg"
"https://soundcloud.com/mahdyar/ali","Mahdyar","ALI","112705","3612","479","2019-01-26T18:38:29.000Z","https://i1.sndcdn.com/artworks-000478181736-5222ym-t500x500.jpg"
"https://soundcloud.com/mahdyar/seize","Mahdyar","Seize","199723","4456","529","2018-02-22T12:07:36.000Z","https://i1.sndcdn.com/artworks-000239191585-shsfb2-t500x500.jpg"
"https://soundcloud.com/mahdyar/timmymightburyyall","Mahdyar","Timmy Might Bury Y'all","91387","2126","219","2018-02-22T12:07:18.000Z","https://i1.sndcdn.com/artworks-000305630625-g2i7c4-t500x500.jpg"
"https://soundcloud.com/mahdyar/hush","Mahdyar","Hush","81565","2280","293","2018-02-22T12:06:25.000Z","https://i1.sndcdn.com/artworks-000239191569-ce9ha1-t500x500.jpg"
"https://soundcloud.com/mahdyar/iraniraq","Mahdyar","Iran Iraq","86143","2293","253","2018-02-22T12:05:37.000Z","https://i1.sndcdn.com/artworks-000239191571-2se9z5-t500x500.jpg"
"https://soundcloud.com/mahdyar/khakis","Mahdyar","Khakis","66654","2026","245","2018-02-22T12:05:17.000Z","https://i1.sndcdn.com/artworks-000239191576-zb3cjt-t500x500.jpg"
"https://soundcloud.com/mahdyar/runningfrom","Mahdyar","Running from","45430","1328","160","2018-02-22T12:04:46.000Z","https://i1.sndcdn.com/artworks-000239191579-dhmv7l-t500x500.jpg"
"https://soundcloud.com/mahdyar/lust","Mahdyar","Lust","42488","1255","139","2018-02-22T12:04:22.000Z","https://i1.sndcdn.com/artworks-000239191577-ttlzg8-t500x500.jpg"
"https://soundcloud.com/mahdyar/glimmerof","Mahdyar","Glimmer of","37314","1137","117","2018-02-22T12:04:03.000Z","https://i1.sndcdn.com/artworks-000239311497-9se3u1-t500x500.jpg"
"https://soundcloud.com/mahdyar/twistthefacts","Mahdyar","Twist the Facts","37625","1209","181","2018-02-22T12:03:41.000Z","https://i1.sndcdn.com/artworks-000239191588-58g021-t500x500.jpg"
"https://soundcloud.com/mahdyar/nts1","Mahdyar","NTS Radio | 26.01.18","104347","3473","614","2018-02-08T04:44:25.000Z","https://i1.sndcdn.com/artworks-000299009775-j326ce-t500x500.jpg"
"https://soundcloud.com/mahdyar/efrati","Mahdyar","Fadaei - Efrati","821528","17000","2101","2018-01-12T17:08:05.000Z","https://i1.sndcdn.com/artworks-000284182811-m3og8a-t500x500.jpg"
"https://soundcloud.com/mahdyar/moneymoney","Mahdyar","Money Money","140877","3014","390","2017-12-05T15:48:17.000Z","https://i1.sndcdn.com/artworks-000264880730-nwmh2p-t500x500.jpg"
"https://soundcloud.com/mahdyar/vow","Mahdyar","Vow","89354","2125","210","2017-10-27T12:46:44.000Z","https://i1.sndcdn.com/artworks-000248809423-xnoyts-t500x500.jpg"
"https://soundcloud.com/mahdyar/hassan","Mahdyar","Quf - Hassan","242913","6138","1309","2017-06-08T12:29:33.000Z","https://i1.sndcdn.com/artworks-000227371159-b2yr4g-t500x500.jpg"
"https://soundcloud.com/mahdyar/gerye-dare","Mahdyar","Hichkas - Gerye Dare","427624","9394","1227","2017-01-03T14:38:20.000Z","https://i1.sndcdn.com/artworks-000201033145-0ljgub-t500x500.jpg"
"https://soundcloud.com/mahdyar/khafe","Mahdyar","Quf - Khafe","381029","9293","1584","2016-11-03T19:44:18.000Z","https://i1.sndcdn.com/artworks-000191917558-5ormdg-t500x500.jpg"
"https://soundcloud.com/mahdyar/hert","Mahdyar","Dariush - Hert","1122759","23100","3486","2016-10-29T14:00:38.000Z","https://i1.sndcdn.com/artworks-000191202071-fqpz2v-t500x500.jpg"
"https://soundcloud.com/mahdyar/fohsh","Mahdyar","Quf - Fohsh","326892","7647","1348","2016-05-31T10:14:40.000Z","https://i1.sndcdn.com/artworks-000165210021-cro67w-t500x500.jpg"
"https://soundcloud.com/mahdyar/gomrok","Mahdyar","Gomrok","134604","3627","509","2016-05-12T14:07:44.000Z","https://i1.sndcdn.com/artworks-000162503310-v0ln8b-t500x500.jpg"
"https://soundcloud.com/mahdyar/mostaghel","Mahdyar","Fadaei - Mostaghel","479985","10400","1381","2016-04-15T10:31:18.000Z","https://i1.sndcdn.com/artworks-000158279055-m65azm-t500x500.jpg"
"https://soundcloud.com/mahdyar/jenayi","Mahdyar","Fadaei - Jenayi","593221","12400","1557","2015-12-21T13:17:06.000Z","https://i1.sndcdn.com/artworks-000140326806-ilzajy-t500x500.jpg"
"https://soundcloud.com/mahdyar/kootahi","Mahdyar","Dariush - Kootahi","520929","11600","801","2015-10-13T16:15:38.000Z","https://i1.sndcdn.com/artworks-000132596006-u1ts85-t500x500.jpg"
"https://soundcloud.com/mahdyar/tof","Mahdyar","Hichkas - Tof","640854","13300","1554","2015-10-05T16:49:15.000Z","https://i1.sndcdn.com/artworks-000131735427-q3scst-t500x500.jpg"
"https://soundcloud.com/mahdyar/featherlight","Mahdyar","Featherlight","72027","1724","166","2015-08-14T17:50:13.000Z","https://i1.sndcdn.com/artworks-000126367126-5di63a-t500x500.jpg"
"https://soundcloud.com/mahdyar/firooz","Mahdyar","Hichkas - Firooz","668569","14000","1450","2015-03-16T20:15:27.000Z","https://i1.sndcdn.com/artworks-000110243235-eokc5k-t500x500.jpg"
"https://soundcloud.com/mahdyar/khosh-gozash","Mahdyar","Quf - Khosh Gozash","228287","5520","745","2015-03-14T18:46:24.000Z","https://i1.sndcdn.com/artworks-000110013796-5nhzbi-t500x500.jpg"
"https://soundcloud.com/mahdyar/march-forth","Mahdyar","Rosko John (ft. Roya Arab) - March Forth","84449","2034","132","2014-11-27T21:16:08.000Z","https://i1.sndcdn.com/artworks-000122000770-8yqm2u-t500x500.jpg"
"https://soundcloud.com/mahdyar/hamseda","Mahdyar","Fadaei - Hamseda","1504351","30100","6285","2014-02-03T01:26:46.000Z","https://i1.sndcdn.com/artworks-000069753209-o9g659-t500x500.jpg"
"https://soundcloud.com/mahdyar/bang-remix","Mahdyar","Bang (Remix) (feat. Hichkas)","608354","11400","1357","2013-09-01T04:40:50.000Z","https://i1.sndcdn.com/artworks-000056700555-al6pyq-t500x500.jpg"
"https://soundcloud.com/mahdyar/bang","Mahdyar","Bang","191717","4516","653","2013-08-25T00:40:45.000Z","https://i1.sndcdn.com/artworks-000056143281-uhhsp5-t500x500.jpg"
"https://soundcloud.com/mahdyar/naji","Mahdyar","Fadaei - Naji","550887","11000","1237","2013-04-29T18:02:07.000Z","https://i1.sndcdn.com/artworks-000046786530-dxx5gu-t500x500.jpg"
"https://soundcloud.com/mahdyar/mooye-parishoon","Mahdyar","Hichkas, Roya Arab, Dariush - Mooye Parishoon","1164461","21300","1548","2013-04-07T21:13:58.000Z","https://i1.sndcdn.com/artworks-000044933195-u1x68s-t500x500.jpg"
"https://soundcloud.com/mahdyar/nemidoonam","Mahdyar","Fadaei - Nemidoonam","973115","18500","2343","2012-11-12T18:11:30.000Z","https://i1.sndcdn.com/artworks-000034051286-7rsh8z-t500x500.jpg"
"https://soundcloud.com/mahdyar/80-ft-quf","Mahdyar","Fadaei - 80 (feat. Quf)","1279570","23900","5875","2012-11-12T18:05:53.000Z","https://i1.sndcdn.com/artworks-000034050856-vw4nit-t500x500.jpg"
"https://soundcloud.com/mahdyar/jabe-jadooyi","Mahdyar","Fadaei - Jabe Jadooyi","727572","13400","1481","2012-11-12T17:59:54.000Z","https://i1.sndcdn.com/artworks-000034050608-wsthwr-t500x500.jpg"
"https://soundcloud.com/mahdyar/chi-shenidi","Mahdyar","Fadaei - Chi Shenidi? (feat. Hichkas)","1261091","23000","3070","2012-11-12T17:53:15.000Z","https://i1.sndcdn.com/artworks-000034050162-mmmnkz-t500x500.jpg"
"https://soundcloud.com/mahdyar/sarzamine-madari","Mahdyar","Fadaei - Sarzamine Madari","838544","14900","1955","2012-11-12T17:48:36.000Z","https://i1.sndcdn.com/artworks-000034049867-fds4cb-t500x500.jpg"
"https://soundcloud.com/mahdyar/zendegi","Mahdyar","Fadaei - Zendegi","529972","9435","990","2012-11-12T17:43:53.000Z","https://i1.sndcdn.com/artworks-000034049726-37u1wp-t500x500.jpg"
"https://soundcloud.com/mahdyar/ser","Mahdyar","Bidad - Ser","114154","2722","203","2012-10-17T18:01:55.000Z","https://i1.sndcdn.com/artworks-000032364520-3po9c7-t500x500.jpg"
"https://soundcloud.com/mahdyar/young-n-foolish","Mahdyar","Reveal, Quf, Kool G Rap, Hichkas - Young N Foolish","275134","6408","712","2012-10-09T07:14:32.000Z","https://i1.sndcdn.com/artworks-000031837413-1wgir2-t500x500.jpg"
"https://soundcloud.com/mahdyar/ashegham","Mahdyar","Hichkas - Ashegham","549447","11300","866","2012-10-04T19:29:00.000Z","https://i1.sndcdn.com/artworks-000059627544-dzbwkw-t500x500.jpg"
"https://soundcloud.com/mahdyar/man-age-to-nabashi","Mahdyar","Hichkas - Man Age To Nabashi","943740","17800","1461","2012-09-29T14:50:27.000Z","https://i1.sndcdn.com/artworks-000031234181-b52fe6-t500x500.jpg"
"https://soundcloud.com/mahdyar/ye-rooze-khoob-miad-instrumental","Mahdyar","Hichkas - Ye Rooze Khoob Miad (Instrumental) (2010)","92024","2268","180","2012-03-21T01:19:24.000Z","https://i1.sndcdn.com/artworks-000020282346-qsv28u-t500x500.jpg"
"https://soundcloud.com/mahdyar/ye-mosht-sarbaz-instrumental","Mahdyar","Hichkas - Ye Mosht Sarbaz (Instrumental) (2008)","100522","2152","159","2012-03-21T01:13:06.000Z","https://i1.sndcdn.com/artworks-000020282085-okw08v-t500x500.jpg"
"https://soundcloud.com/mahdyar/vagheyitar-az-mostanad-instrumental","Mahdyar","Hichkas - Vagheyitar Az Mostanad (Instrumental) (2009)","45360","1059","51","2012-03-21T01:08:41.000Z","https://i1.sndcdn.com/artworks-000020281829-di18nd-t500x500.jpg"
"https://soundcloud.com/mahdyar/ma-az-ounashim-instrumental","Mahdyar","Hichkas - Ma Az Ounashim (Instrumental) (2011)","57074","1246","67","2012-03-21T01:03:17.000Z","https://i1.sndcdn.com/artworks-000020281441-u6zli7-t500x500.jpg"
"https://soundcloud.com/mahdyar/har-tor-shode-migam-instrumental","Mahdyar","Hichkas - Har Tor Shode Migam (Instrumental) (2005)","40980","954","30","2012-03-21T00:54:27.000Z","https://i1.sndcdn.com/artworks-000020281310-eq925w-t500x500.jpg"
"https://soundcloud.com/mahdyar/pabarja-instrumental","Mahdyar","Hichkas - Pa Bar Ja (Instrumental) (2007)","54265","1309","69","2012-03-21T00:51:04.000Z","https://i1.sndcdn.com/artworks-000020280781-1i9tf5-t500x500.jpg"
"https://soundcloud.com/mahdyar/refaghat-tatile-instrumental","Mahdyar","Hichkas - Refaghat Tatile (Instrumental) (2006)","45508","1061","31","2012-03-21T00:28:48.000Z","https://i1.sndcdn.com/artworks-000020280318-vgmxhv-t500x500.jpg"
"https://soundcloud.com/mahdyar/oon-mesle-dadasham-bood","Mahdyar","Hichkas - Oon Mesle Dadasham Bood","1233415","21600","2531","2012-02-02T03:36:26.000Z","https://i1.sndcdn.com/artworks-000017708006-2hb7tq-t500x500.jpg"
"https://soundcloud.com/mahdyar/refigh","Mahdyar","Fadaei - Refigh","386728","9050","743","2012-01-26T08:39:10.000Z","https://i1.sndcdn.com/artworks-000017355896-p7fnmr-t500x500.jpg"
"https://soundcloud.com/mahdyar/tiripe-ma-2","Mahdyar","Hichkas, Reveal - Tiripe Ma 2","191665","3846","189","2012-01-19T11:32:18.000Z","https://i1.sndcdn.com/artworks-000017006715-t7hye8-t500x500.jpg"
"https://soundcloud.com/mahdyar/fatwa","Mahdyar","Quf - Fatwa","241053","6116","1164","2012-01-13T13:06:58.000Z","https://i1.sndcdn.com/artworks-000016706166-o486rn-t500x500.jpg"
"https://soundcloud.com/mahdyar/bejang-mesle","Mahdyar","Hichkas - Bejang Mesle","180945","4083","239","2012-01-05T16:39:05.000Z","https://i1.sndcdn.com/artworks-000016318102-wgk81y-t500x500.jpg"
"https://soundcloud.com/mahdyar/moghaddameh","Mahdyar","Hichkas - Moghaddameh","188813","3824","383","2011-12-07T15:40:29.000Z","https://i1.sndcdn.com/artworks-000015038479-tu8q2v-t500x500.jpg"
"https://soundcloud.com/mahdyar/dideh-va-del","Mahdyar","Hichkas - Dideh va Del (featuring Reveal, Amin Fouladi and Bidad)","167996","3284","309","2011-12-07T15:37:59.000Z","https://i1.sndcdn.com/artworks-000015038323-209nj5-t500x500.jpg"
"https://soundcloud.com/mahdyar/man-vaistadam","Mahdyar","Hichkas - Man Vaistadam","256829","5463","511","2011-12-07T15:30:18.000Z","https://i1.sndcdn.com/artworks-000015037973-kz5n5f-t500x500.jpg"
"https://soundcloud.com/mahdyar/moghaddameh-ghanoon","Mahdyar","Hichkas - Moghaddameh Ghanoon","93985","1564","108","2011-12-07T15:25:17.000Z","https://i1.sndcdn.com/artworks-000015037898-okyptq-t500x500.jpg"
"https://soundcloud.com/mahdyar/ghanoon","Mahdyar","Hichkas - Ghanoon","304248","6357","609","2011-12-07T15:23:22.000Z","https://i1.sndcdn.com/artworks-000015037675-c28nvb-t500x500.jpg"
"https://soundcloud.com/mahdyar/vatan-parast","Mahdyar","Hichkas - Vatan Parast (featuring Reveal and Amin Fouladi)","121645","2371","240","2011-12-07T15:18:27.000Z","https://i1.sndcdn.com/artworks-000015037453-s53nxb-t500x500.jpg"
"https://soundcloud.com/mahdyar/oon-manam","Mahdyar","Hichkas - Oon Manam","190742","4053","276","2011-12-07T15:02:06.000Z","https://i1.sndcdn.com/artworks-000015036887-22ymwp-t500x500.jpg"
"https://soundcloud.com/mahdyar/barpa","Mahdyar","Hichkas - Barpa","164247","3683","311","2011-12-07T14:55:45.000Z","https://i1.sndcdn.com/artworks-000015036786-wir80b-t500x500.jpg"
"https://soundcloud.com/mahdyar/zendan","Mahdyar","Hichkas - Zendan (featuring Reveal)","104114","2123","146","2011-12-07T14:53:42.000Z","https://i1.sndcdn.com/artworks-000015036732-jg1k22-t500x500.jpg"
"https://soundcloud.com/mahdyar/dideh-va-del-remix","Mahdyar","Hichkas - Dideh va Del (Remix) (featuring Reveal, Amin Fouladi and Bidad)","68730","1430","122","2011-12-07T14:51:36.000Z","https://i1.sndcdn.com/artworks-000015036578-mbxd2s-t500x500.jpg"
"https://soundcloud.com/mahdyar/ye-mosht-sarbaz","Mahdyar","Hichkas - Ye Mosht Sarbaz","1628319","25800","3244","2011-12-07T14:43:47.000Z","https://i1.sndcdn.com/artworks-000512570205-7xp6kk-t500x500.jpg"
"https://soundcloud.com/mahdyar/maghz","Mahdyar","Quf - Maghz","418240","9296","1264","2011-11-24T16:46:47.000Z","https://i1.sndcdn.com/artworks-000014461426-3bk9m7-t500x500.jpg"
"https://soundcloud.com/mahdyar/ye-eshghe-noghreyi","Mahdyar","Fadaei - Ye Eshghe Noghreyi","463504","9671","1151","2011-11-17T16:20:32.000Z","https://i1.sndcdn.com/artworks-000014137634-fpho3b-t500x500.jpg"
"https://soundcloud.com/mahdyar/new-bloom","Mahdyar","New Bloom","97340","2522","287","2011-11-09T17:15:06.000Z","https://i1.sndcdn.com/artworks-000609432862-cqqxjl-t500x500.jpg"
"https://soundcloud.com/mahdyar/shabe-khazan","Mahdyar","Quf - Shabe Khazan","106594","2542","361","2011-09-29T02:57:02.000Z","https://i1.sndcdn.com/artworks-000012133600-yw44o3-t500x500.jpg"
"https://soundcloud.com/mahdyar/balatar-2","Mahdyar","Quf - Balatar 2","163908","3623","540","2011-09-29T02:54:57.000Z","https://i1.sndcdn.com/artworks-000012133517-dhtgog-t500x500.jpg"
"https://soundcloud.com/mahdyar/miane-ghamhayam","Mahdyar","Quf - Miane Ghamhayam (featuring Fadaei)","392525","8188","1042","2011-09-29T02:52:01.000Z","https://i1.sndcdn.com/artworks-000012133463-d0ddzj-t500x500.jpg"
"https://soundcloud.com/mahdyar/fazaye-sard","Mahdyar","Quf - Fazaye Sard","141984","3367","335","2011-09-29T02:45:18.000Z","https://i1.sndcdn.com/artworks-000012133295-gr4mqs-t500x500.jpg"
"https://soundcloud.com/mahdyar/khavar-miane","Mahdyar","Quf - Khavar Miane (featuring Lowkey)","85935","1897","321","2011-09-29T02:42:55.000Z","https://i1.sndcdn.com/artworks-000012133243-mawjk9-t500x500.jpg"
"https://soundcloud.com/mahdyar/hesse-gharib","Mahdyar","Quf - Hesse Gharib","123028","2551","357","2011-09-29T02:39:34.000Z","https://i1.sndcdn.com/artworks-000012133142-1bmwww-t500x500.jpg"
"https://soundcloud.com/mahdyar/i-r-a-n","Mahdyar","Quf - I.R.A.N. (featuring 7Khat)","113286","2704","321","2011-09-29T02:37:03.000Z","https://i1.sndcdn.com/artworks-000012133075-l31xli-t500x500.jpg"
"https://soundcloud.com/mahdyar/hadaf","Mahdyar","Quf - Hadaf (featuring Bidad)","143646","3081","385","2011-09-29T02:33:37.000Z","https://i1.sndcdn.com/artworks-000012132999-a2mc7j-t500x500.jpg"
"https://soundcloud.com/mahdyar/balatar-1","Mahdyar","Quf - Balatar 1","157022","3443","358","2011-09-29T02:31:27.000Z","https://i1.sndcdn.com/artworks-000012132908-vj7xlc-t500x500.jpg"
"https://soundcloud.com/mahdyar/sobhe-masnavi","Mahdyar","Quf - Sobhe Masnavi","175703","4281","593","2011-09-29T02:28:58.000Z","https://i1.sndcdn.com/artworks-000012132833-wtdkbr-t500x500.jpg"
"https://soundcloud.com/mahdyar/saze-ma","Mahdyar","Fadaei - Saze Ma","341623","7711","625","2011-09-26T23:01:04.000Z","https://i1.sndcdn.com/artworks-000012043625-d1txop-t500x500.jpg"
"https://soundcloud.com/mahdyar/basse-moftbari","Mahdyar","Quf - Basse Moftbari (featuring Bidad)","275844","6085","732","2011-09-15T17:46:18.000Z","https://i1.sndcdn.com/artworks-000011610665-dxabsu-t500x500.jpg"
"https://soundcloud.com/mahdyar/ye-rooze-khoob-miad","Mahdyar","Hichkas - Ye Rooze Khoob Miad","1171213","22800","3520","2011-09-11T19:29:45.000Z","https://i1.sndcdn.com/artworks-000512566314-wds1ge-t500x500.jpg"
"https://soundcloud.com/mahdyar/tariki","Mahdyar","Quf - Tariki","260225","5891","683","2011-09-11T18:33:17.000Z","https://i1.sndcdn.com/artworks-000011448325-u981cu-t500x500.jpg"
"https://soundcloud.com/mahdyar/gods-and-disasters","Mahdyar","Gods and Disasters","64642","1756","307","2011-08-19T13:50:56.000Z","https://i1.sndcdn.com/artworks-000010577983-98zt0k-t500x500.jpg"
"https://soundcloud.com/mahdyar/weasels-and-warcries-oxford","Mahdyar","""Weasels and Warcries"" introduction and afternote at University of Oxford","23711","685","44","2011-06-11T02:13:02.000Z","https://i1.sndcdn.com/artworks-000008118979-othyj2-t500x500.jpg"
"https://soundcloud.com/mahdyar/weasels-and-warcries","Mahdyar","Weasels and Warcries","84841","2169","270","2011-05-24T03:10:51.000Z","https://i1.sndcdn.com/artworks-000007558359-dbxd87-t500x500.jpg"
"https://soundcloud.com/mahdyar/jouwani","Mahdyar","Jouwani (feat. Bahman Ghobadi)","38830","1111","117","2011-05-24T02:52:48.000Z","https://i1.sndcdn.com/artworks-000121753824-kntle6-t500x500.jpg"
"https://soundcloud.com/mahdyar/shak","Mahdyar","Quf - Shak (featuring Fadaei)","701522","13700","2245","2011-03-29T13:22:24.000Z","https://i1.sndcdn.com/artworks-000005937834-v88foo-t500x500.jpg"
"https://soundcloud.com/mahdyar/vasta-lashi","Mahdyar","Fadaei - Vāstā Lāshi","745767","14700","1774","2011-03-29T13:22:24.000Z","https://i1.sndcdn.com/artworks-000005937834-v88foo-t500x500.jpg"
"https://soundcloud.com/mahdyar/ma-az-ounashim","Mahdyar","Hichkas - Ma Az Ounashim","530075","9137","735","2011-03-29T13:22:24.000Z","https://i1.sndcdn.com/artworks-000005937834-v88foo-t500x500.jpg"
"https://soundcloud.com/mahdyar/021ldn","Mahdyar","Reveal - 021LDN","56372","1328","153","2011-03-29T13:22:23.000Z","https://i1.sndcdn.com/artworks-000005937834-v88foo-t500x500.jpg"
"https://soundcloud.com/mahdyar/anjam-vazife","Mahdyar","Hichkas - Anjam Vazife","765049","14800","1512","2011-03-29T13:22:23.000Z","https://i1.sndcdn.com/artworks-000005937834-v88foo-t500x500.jpg"
