"page_url","page_name","followers","followings","tracks","avatar_url"
"https://soundcloud.com/hesamtiem","HesamTiem","18585","1","9","https://i1.sndcdn.com/avatars-N9uW20CEREaYq1cL-xibfvQ-t50x50.jpg"
"https://soundcloud.com/021kid","021kid","253386","0","70","https://i1.sndcdn.com/avatars-B9636Q1IZAiiIHps-6iOM3A-t50x50.jpg"
"https://soundcloud.com/elvinako","VINAK","138776","1","52","https://i1.sndcdn.com/avatars-xzJ3E6oDPv8cm1P4-lyDvnA-t50x50.jpg"
"https://soundcloud.com/hoodadk4","Hoodadk4","51809","0","18","https://i1.sndcdn.com/avatars-7EQoqre4DFuwVsXR-rSoYOQ-t50x50.jpg"
"https://soundcloud.com/godpoori","Poori","298808","0","99","https://i1.sndcdn.com/avatars-9wlyj9KYaAuHhTre-0m6fvA-t50x50.jpg"
"https://soundcloud.com/koorowsh420","Koorosh","230399","3","53","https://i1.sndcdn.com/avatars-qJ9Z98kcqvoOpjdz-p2yw7Q-t50x50.jpg"
"https://soundcloud.com/poriyaadroit","Pouriya Adroit","50527","0","78","https://i1.sndcdn.com/avatars-kmxzOrv3q2n1PlWR-dPfsGg-t50x50.jpg"
"https://soundcloud.com/gdaal","Gdaal","72788","0","27","https://i1.sndcdn.com/avatars-0dpA4gIWNqw67YZ8-Pyd2Lg-t50x50.jpg"
"https://soundcloud.com/mahdyar","Mahdyar","229728","0","156","https://i1.sndcdn.com/avatars-000224183605-2zfvkr-t50x50.jpg"
"https://soundcloud.com/ashkankagan","Ashkan Kagan","147093","32","27","https://i1.sndcdn.com/avatars-s93kdCyXjzwF81o5-KNxcBw-t50x50.jpg"
"https://soundcloud.com/alisorena","Ali Sorena","288469","0","37","https://i1.sndcdn.com/avatars-bbQcp37L2cB6SZ0j-BtTzhQ-t50x50.jpg"
"https://soundcloud.com/sajadshahi","Sajad Shahi","84612","0","31","https://i1.sndcdn.com/avatars-BV4XwCX8mAf5s6e0-q3f0Yg-t50x50.jpg"
"https://soundcloud.com/dorcci","Dorcci","182516","0","24","https://i1.sndcdn.com/avatars-neh7O16FCQAULvty-qjdqRA-t50x50.jpg"
"https://soundcloud.com/pooriaputak","PutaK","231369","0","115","https://i1.sndcdn.com/avatars-KAblOPuUX61dQU9c-OH8exA-t50x50.jpg"
"https://soundcloud.com/matinfattahi","Matin Fattahi","23938","0","15","https://i1.sndcdn.com/avatars-ZmOSlgHJcaBnh30K-xkpYCg-t50x50.jpg"
"https://soundcloud.com/dalumc","Dalu","75329","0","38","https://i1.sndcdn.com/avatars-lErYZUO0cJzXVWvc-zejP7A-t50x50.jpg"
"https://soundcloud.com/chvrsi","Chvrsi","229756","0","70","https://i1.sndcdn.com/avatars-00eSyO4pncOnRc2J-B4sG5w-t50x50.jpg"
"https://soundcloud.com/amintijayy","Amin Tijay","69152","0","95","https://i1.sndcdn.com/avatars-ngC90BYDxNHOUy4n-63f8aw-t50x50.jpg"
"https://soundcloud.com/ey-cin","Eycin","73135","0","26","https://i1.sndcdn.com/avatars-5Irpf3UNbMCEOsnP-yvKQJw-t50x50.jpg"
"https://soundcloud.com/reza-pishro-rail","Reza Pishro","299681","0","126","https://i1.sndcdn.com/avatars-000882512989-c2dkb2-t50x50.jpg"
"https://soundcloud.com/justiem","Tiem","45816","2","39","https://i1.sndcdn.com/avatars-g5hliiQltLeIdGKh-zHJx9w-t50x50.jpg"
"https://soundcloud.com/aligeramy","Ali Geramy","38265","0","13","https://i1.sndcdn.com/avatars-mxgWGeZvVzZLXS65-vuWbfA-t50x50.jpg"
"https://soundcloud.com/tiktaak-sr","CatchyBeatz","155507","2","62","https://i1.sndcdn.com/avatars-4XHdLOtV1MQciek8-xTULQQ-t50x50.jpg"
"https://soundcloud.com/youngsudden","Young Sudden","153077","0","41","https://i1.sndcdn.com/avatars-K7TFYAoy4KKJvFAy-ZxkMaA-t50x50.jpg"
"https://soundcloud.com/gandom-021","021G","96229","1","14","https://i1.sndcdn.com/avatars-R58bvTOGgkDy2ByL-ojmg9Q-t50x50.jpg"
"https://soundcloud.com/tbhkr","Dariu$h","114631","1","31","https://i1.sndcdn.com/avatars-SBd7yMqufgg1Bwy5-uHBMeA-t50x50.jpg"
"https://soundcloud.com/hichkasofficial","Hichkas","247306","0","8","https://i1.sndcdn.com/avatars-39hjZWDOMOqLrXwp-oeykuA-t50x50.jpg"
"https://soundcloud.com/arta-mir","Arta","161611","3","22","https://i1.sndcdn.com/avatars-s9CrZHb6M6SkNBYc-Bmmjhg-t50x50.jpg"
"https://soundcloud.com/hiphopologistsoroush","Hiphopologist","445471","0","84","https://i1.sndcdn.com/avatars-J37OEQE08W0s6sKI-PeEMXA-t50x50.jpg"
